{"initial_reset_timestamp": 1535229150.7188513, "timestamps": [1535229156.3649719, 1535229168.798547, 1535229173.4306, 1535229177.7994955, 1535229182.76507, 1535229187.7644377, 1535229192.0651138, 1535229196.7978299, 1535229205.2483306, 1535229210.848175], "episode_lengths": [167, 371, 277, 262, 298, 300, 258, 284, 253, 335], "episode_rewards": [-40.99331257502513, 192.09735553223732, 243.48175172296556, -102.08359274378893, 180.08020527372634, 141.25570791092628, 236.4276658066965, 216.16702575816012, 231.9847425954177, 184.10027703170908], "episode_types": ["t", "t", "t", "t", "t", "t", "t", "t", "t", "t"]}